ID,Name,Content,Page_URL,Image_URL,Category
1,EV카드,전기차 이용자라면 꼭 필요한!,https://card.kbcard.com/CRD/DVIEW/HCAMCXPRICAC0076?mainCC=a&cooperationcode=00230,https://img1.kbcard.com/ST/img/cxc/kbcard/upload/img/product/00230_img.png,적립/할인
2,캐시노트 KB 국민카드,캐시노트 월정액과 사업지원 할인을 동시에,https://card.kbcard.com/CRD/DVIEW/HCAMCXPRICAC0076?mainCC=a&cooperationcode=04291,https://img1.kbcard.com/ST/img/cxc/kbcard/upload/img/product/04291_img.png,적립/할인
3,WE:SH Travel,외화 충전·환전 없이 우대 환율로 결제되는,https://card.kbcard.com/CRD/DVIEW/HCAMCXPRICAC0076?mainCC=a&cooperationcode=09561,https://img1.kbcard.com/ST/img/cxc/kbcard/upload/img/product/09561_img.png,적립/할인
4,CU KB국민카드,CU 할인! 한번에 빠르게 쉽게~,https://card.kbcard.com/CRD/DVIEW/HCAMCXPRICAC0076?mainCC=a&cooperationcode=09060,https://img1.kbcard.com/ST/img/cxc/kbcard/upload/img/product/09060_img.png,적립/할인
5,K-패스카드,교통비 SAVE!! 생활서비스 할인 혜택까지~,https://card.kbcard.com/CRD/DVIEW/HCAMCXPRICAC0076?mainCC=a&cooperationcode=09321,https://img1.kbcard.com/ST/img/cxc/kbcard/upload/img/product/09321_img.png,적립/할인
6,WE:SH All 카드,Simple Life를 위한 모두의 카드,https://card.kbcard.com/CRD/DVIEW/HCAMCXPRICAC0076?mainCC=a&cooperationcode=09122,https://img1.kbcard.com/ST/img/cxc/kbcard/upload/img/product/09122_img.png,적립/할인
7,My WE:SH 카드,나'의 행복을 위한 필수 혜택 카드,https://card.kbcard.com/CRD/DVIEW/HCAMCXPRICAC0076?mainCC=a&cooperationcode=09123,https://img1.kbcard.com/ST/img/cxc/kbcard/upload/img/product/09123_img.png,적립/할인
8,Our WE:SH 카드,함께 사는 '우리'를 위한 필수 카드,https://card.kbcard.com/CRD/DVIEW/HCAMCXPRICAC0076?mainCC=a&cooperationcode=09124,https://img1.kbcard.com/ST/img/cxc/kbcard/upload/img/product/09124_img.png,적립/할인
9,American Express Blue Card,매일 쓰는 영역 할인으로 내 생활에 착붙!,https://card.kbcard.com/CRD/DVIEW/HCAMCXPRICAC0076?mainCC=a&cooperationcode=09115,https://img1.kbcard.com/ST/img/cxc/kbcard/upload/img/product/09115_img.png,적립/할인
10,American Express Rose Gold Card,KB Pay와 만나는 장밋빛 할인 혜택,https://card.kbcard.com/CRD/DVIEW/HCAMCXPRICAC0076?mainCC=a&cooperationcode=09116,https://img1.kbcard.com/ST/img/cxc/kbcard/upload/img/product/09116_img.png,적립/할인
11,TMAP KB국민카드,"이용은 간편하게, 할인은 넉넉하게!",https://card.kbcard.com/CRD/DVIEW/HCAMCXPRICAC0076?mainCC=a&cooperationcode=09389,https://img1.kbcard.com/ST/img/cxc/kbcard/upload/img/product/09389_img.png,적립/할인
12,KB Pay 챌린지카드,#간편결제 #택시 #편의점 #쇼핑 #배달,https://card.kbcard.com/CRD/DVIEW/HCAMCXPRICAC0076?mainCC=a&cooperationcode=09113,https://img1.kbcard.com/ST/img/cxc/kbcard/upload/img/product/09113_img.png,적립/할인
13,마이핏카드(적립형),#간편결제 #택시 #편의점 #쇼핑 #배달,https://card.kbcard.com/CRD/DVIEW/HCAMCXPRICAC0076?mainCC=a&cooperationcode=09247,https://img1.kbcard.com/ST/img/cxc/kbcard/upload/img/product/09247_img.png,적립/할인
14,톡톡 with 카드,,https://card.kbcard.com/CRD/DVIEW/HCAMCXPRICAC0076?mainCC=a&cooperationcode=09272,https://img1.kbcard.com/ST/img/cxc/kbcard/upload/img/product/09272_img.png,적립/할인
15,toss KB국민카드,심플하고 쉽게 토스포인트 적립하는 방법!,https://card.kbcard.com/CRD/DVIEW/HCAMCXPRICAC0076?mainCC=a&cooperationcode=04350,https://img1.kbcard.com/ST/img/cxc/kbcard/upload/img/product/04350_img.png,적립/할인
16,마이핏카드(할인형),#외식 #편의점 #마트 #주유 #통신 #쇼핑 #배달,https://card.kbcard.com/CRD/DVIEW/HCAMCXPRICAC0076?mainCC=a&cooperationcode=09248,https://img1.kbcard.com/ST/img/cxc/kbcard/upload/img/product/09248_img.png,적립/할인
17,Easy on카드,"Food on, Music on, Shopping on 모두 할인 Easy on!",https://card.kbcard.com/CRD/DVIEW/HCAMCXPRICAC0076?mainCC=a&cooperationcode=09244,https://img1.kbcard.com/ST/img/cxc/kbcard/upload/img/product/09244_img.png,적립/할인
18,삼성페이 KB국민카드,삼성 페이로 간편하게 할인받는 방법!,https://card.kbcard.com/CRD/DVIEW/HCAMCXPRICAC0076?mainCC=a&cooperationcode=04434,https://img1.kbcard.com/ST/img/cxc/kbcard/upload/img/product/04434_img.png,적립/할인
19,가온올림카드(실속형),"실적조건 없이 국내가맹점 적립, 해외가맹점 캐시백!",https://card.kbcard.com/CRD/DVIEW/HCAMCXPRICAC0076?mainCC=a&cooperationcode=09157,https://img1.kbcard.com/ST/img/cxc/kbcard/upload/img/product/09157_img.png,적립/할인
20,톡톡 Pay카드,똑똑하게 할인 “톡톡”!,https://card.kbcard.com/CRD/DVIEW/HCAMCXPRICAC0076?mainCC=a&cooperationcode=09231,https://img1.kbcard.com/ST/img/cxc/kbcard/upload/img/product/09231_img.png,적립/할인
21,가온글로벌카드,글로벌한 내 스타일을 담았다!,https://card.kbcard.com/CRD/DVIEW/HCAMCXPRICAC0076?mainCC=a&cooperationcode=09167,https://img1.kbcard.com/ST/img/cxc/kbcard/upload/img/product/09167_img.png,적립/할인
22,가온 Biz카드,"국내가맹점 기본적립, 사업지원영역 및 고액결제 추가적립!",https://card.kbcard.com/CRD/DVIEW/HCAMCXPRICAC0076?mainCC=a&cooperationcode=09176,https://img1.kbcard.com/ST/img/cxc/kbcard/upload/img/product/09176_img.png,적립/할인
23,금융포인트리카드,쓸 때마다 쌓이는 금융포인트로 다양한 종합금융 혜택을!,https://card.kbcard.com/CRD/DVIEW/HCAMCXPRICAC0076?mainCC=a&cooperationcode=09040,https://img1.kbcard.com/ST/img/cxc/kbcard/upload/img/product/09040_img.png,적립/할인
24,KB Pay 챌린지+카드,,https://card.kbcard.com/CRD/DVIEW/HCAMCXPRICAC0076?mainCC=a&cooperationcode=09114,https://img1.kbcard.com/ST/img/cxc/kbcard/upload/img/product/09114_img.png,적립/할인
25,Wavve 카드,Wavve 이용권 결제 할 땐 !,https://card.kbcard.com/CRD/DVIEW/HCAMCXPRICAC0076?mainCC=a&cooperationcode=04287,https://img1.kbcard.com/ST/img/cxc/kbcard/upload/img/product/04287_img.png,적립/할인
26,갤러리아 KB국민카드,갤러리아 혜택을 한 장에 담아,https://card.kbcard.com/CRD/DVIEW/HCAMCXPRICAC0076?mainCC=a&cooperationcode=04491,https://img1.kbcard.com/ST/img/cxc/kbcard/upload/img/product/04491_img.png,적립/할인
27,LFmall 신용카드,스마트한 쇼핑 혜택,https://card.kbcard.com/CRD/DVIEW/HCAMCXPRICAC0076?mainCC=a&cooperationcode=09314,https://img1.kbcard.com/ST/img/cxc/kbcard/upload/img/product/09314_img.png,적립/할인
28,사장님카드,K-사장님의 든든한 사업 파트너,https://card.kbcard.com/CRD/DVIEW/HCAMCXPRICAC0076?mainCC=a&cooperationcode=09291,https://img1.kbcard.com/ST/img/cxc/kbcard/upload/img/product/09291_img.png,적립/할인
29,WE:SH Travel,외화 충전·환전 없이 우대 환율로 결제되는,https://card.kbcard.com/CRD/DVIEW/HCAMCXPRICAC0076?mainCC=a&cooperationcode=09561,https://img1.kbcard.com/ST/img/cxc/kbcard/upload/img/product/09561_img.png,여행
30,American Express Rose Gold Card,KB Pay와 만나는 장밋빛 할인 혜택,https://card.kbcard.com/CRD/DVIEW/HCAMCXPRICAC0076?mainCC=a&cooperationcode=09116,https://img1.kbcard.com/ST/img/cxc/kbcard/upload/img/product/09116_img.png,여행
31,레고랜드매니아카드,레고에 진심인 분을 위한 혜택에 진심을 담은 카드,https://card.kbcard.com/CRD/DVIEW/HCAMCXPRICAC0076?mainCC=a&cooperationcode=02228,https://img1.kbcard.com/ST/img/cxc/kbcard/upload/img/product/02228_img.png,여행
32,레고랜드카드,"즐거운 레고랜드에서도, 평범한 일상에서도",https://card.kbcard.com/CRD/DVIEW/HCAMCXPRICAC0076?mainCC=a&cooperationcode=02229,https://img1.kbcard.com/ST/img/cxc/kbcard/upload/img/product/02229_img.png,여행
33,스카이패스 티타늄 카드,대한항공 마일리지 기본적립에 해외/면세점 추가적립 혜택까지!,https://card.kbcard.com/CRD/DVIEW/HCAMCXPRICAC0076?mainCC=a&cooperationcode=04285,https://img1.kbcard.com/ST/img/cxc/kbcard/upload/img/product/04285_img.png,여행
34,아시아나 올림카드,아시아나 마일리지 적립의 혜택을 올림,https://card.kbcard.com/CRD/DVIEW/HCAMCXPRICAC0076?mainCC=a&cooperationcode=09194,https://img1.kbcard.com/ST/img/cxc/kbcard/upload/img/product/09194_img.png,여행
35,Easy fly 티타늄카드,"여행은 Happy, 혜택은 Easy! Yes, you can fly!",https://card.kbcard.com/CRD/DVIEW/HCAMCXPRICAC0076?mainCC=a&cooperationcode=09245,https://img1.kbcard.com/ST/img/cxc/kbcard/upload/img/product/09245_img.png,여행
36,제주항공 Refresh Point KB국민카드,합리적 여행자를 위한 Must Have 카드,https://card.kbcard.com/CRD/DVIEW/HCAMCXPRICAC0076?mainCC=a&cooperationcode=04420,https://img1.kbcard.com/ST/img/cxc/kbcard/upload/img/product/04420_img.png,여행
37,모두투어 투어마일리지 KB국민카드,,https://card.kbcard.com/CRD/DVIEW/HCAMCXPRICAC0076?mainCC=a&cooperationcode=04422,https://img1.kbcard.com/ST/img/cxc/kbcard/upload/img/product/04422_img.png,여행
38,하나투어 KB국민카드,신용카드와 하나투어 마일리지 클럽서비스를 하나로!,https://card.kbcard.com/CRD/DVIEW/HCAMCXPRICAC0076?mainCC=a&cooperationcode=01234,https://img1.kbcard.com/ST/img/cxc/kbcard/upload/img/product/01234_img.png,여행
39,WE:SH Travel,외화 충전·환전 없이 우대 환율로 결제되는,https://card.kbcard.com/CRD/DVIEW/HCAMCXPRICAC0076?mainCC=a&cooperationcode=09561,https://img1.kbcard.com/ST/img/cxc/kbcard/upload/img/product/09561_img.png,쇼핑
40,WE:SH Daily 카드,데일리 스탬프 모으면 늘어나는 혜택,https://card.kbcard.com/CRD/DVIEW/HCAMCXPRICAC0076?mainCC=a&cooperationcode=09570,https://img1.kbcard.com/ST/img/cxc/kbcard/upload/img/product/09570_img.png,쇼핑
41,CU KB국민카드,CU 할인! 한번에 빠르고 쉽게~,https://card.kbcard.com/CRD/DVIEW/HCAMCXPRICAC0076?mainCC=a&cooperationcode=09060,https://img1.kbcard.com/ST/img/cxc/kbcard/upload/img/product/09060_img.png,쇼핑
42,American Express Blue Card,매일 쓰는 영역 할인으로 내 생활에 착붙!,https://card.kbcard.com/CRD/DVIEW/HCAMCXPRICAC0076?mainCC=a&cooperationcode=09115,https://img1.kbcard.com/ST/img/cxc/kbcard/upload/img/product/09115_img.png,쇼핑
43,American Express Rose Gold Card,KB Pay와 만나는 장밋빛 할인 혜택,https://card.kbcard.com/CRD/DVIEW/HCAMCXPRICAC0076?mainCC=a&cooperationcode=09116,https://img1.kbcard.com/ST/img/cxc/kbcard/upload/img/product/09116_img.png,쇼핑
44,이마트II KB국민카드(옐로우),다시 새롭게! 이마트!!,https://card.kbcard.com/CRD/DVIEW/HCAMCXPRICAC0076?mainCC=a&cooperationcode=04361,https://img1.kbcard.com/ST/img/cxc/kbcard/upload/img/product/04361_img.png,쇼핑
45,LFmall 신용카드,스마트한 쇼핑 혜택,https://card.kbcard.com/CRD/DVIEW/HCAMCXPRICAC0076?mainCC=a&cooperationcode=09314,https://img1.kbcard.com/ST/img/cxc/kbcard/upload/img/product/09314_img.png,쇼핑
46,The CJ KB국민카드,계열사가 많은 알찬 CJ,https://card.kbcard.com/CRD/DVIEW/HCAMCXPRICAC0076?mainCC=a&cooperationcode=01142,https://img1.kbcard.com/ST/img/cxc/kbcard/upload/img/product/01142_img.png,쇼핑
47,탄탄대로 웰컴카드,국내 거주 외국인을 위한 일상에서 여가까지 다양한 할인 혜택!,https://card.kbcard.com/CRD/DVIEW/HCAMCXPRICAC0076?mainCC=a&cooperationcode=09214,https://img1.kbcard.com/ST/img/cxc/kbcard/upload/img/product/09214_img.png,쇼핑
48,롯데마트 KB국민카드,행복드림 롯데마트에서 할인 혜택,https://card.kbcard.com/CRD/DVIEW/HCAMCXPRICAC0076?mainCC=a&cooperationcode=09180,https://img1.kbcard.com/ST/img/cxc/kbcard/upload/img/product/09180_img.png,쇼핑
49,CHALLENGE BAG KB국민카드,11번가에서 SK Pay 결제 하고 11% OK캐쉬백 적립!,https://card.kbcard.com/CRD/DVIEW/HCAMCXPRICAC0076?mainCC=a&cooperationcode=04409,https://img1.kbcard.com/ST/img/cxc/kbcard/upload/img/product/04409_img.png,쇼핑
50,GS SHOP KB국민카드,"GS SHOP 12%, 월 최대 5만원 할인!",https://card.kbcard.com/CRD/DVIEW/HCAMCXPRICAC0076?mainCC=a&cooperationcode=04431,https://img1.kbcard.com/ST/img/cxc/kbcard/upload/img/product/04431_img.png,쇼핑
51,AK KB국민카드,쇼핑에 강한 AK와 생활에 강한 KB의 특별한 만남!,https://card.kbcard.com/CRD/DVIEW/HCAMCXPRICAC0076?mainCC=a&cooperationcode=04444,https://img1.kbcard.com/ST/img/cxc/kbcard/upload/img/product/04444_img.png,쇼핑
52,H.Point KB국민카드,현대백화점그룹 멤버십 혜택에 KB국민카드 혜택을 더하다!,https://card.kbcard.com/CRD/DVIEW/HCAMCXPRICAC0076?mainCC=a&cooperationcode=04415,https://img1.kbcard.com/ST/img/cxc/kbcard/upload/img/product/04415_img.png,쇼핑
53,사장님카드,K-사장님의 든든한 사업 파트너,https://card.kbcard.com/CRD/DVIEW/HCAMCXPRICAC0076?mainCC=a&cooperationcode=09291,https://img1.kbcard.com/ST/img/cxc/kbcard/upload/img/product/09291_img.png,쇼핑
54,EV 카드,전기차 이용자라면 꼭 필요한!,https://card.kbcard.com/CRD/DVIEW/HCAMCXPRICAC0076?mainCC=a&cooperationcode=00230,https://img1.kbcard.com/ST/img/cxc/kbcard/upload/img/product/00230_img.png,주유/충전
55,캐시노트 KB국민카드,캐시노트 월정액과 사업지원 할인을 동시에,https://card.kbcard.com/CRD/DVIEW/HCAMCXPRICAC0076?mainCC=a&cooperationcode=04291,https://img1.kbcard.com/ST/img/cxc/kbcard/upload/img/product/04291_img.png,주유/충전
56,American Express Blue Card,매일 쓰는 영역 할인으로 내 생활에 착붙!,https://card.kbcard.com/CRD/DVIEW/HCAMCXPRICAC0076?mainCC=a&cooperationcode=09115,https://img1.kbcard.com/ST/img/cxc/kbcard/upload/img/product/09115_img.png,주유/충전
57,EVO 티타늄카드,"Electric Vehicle Owners 전기차 오너들을 위한 친환경 생활, 기부 생활",https://card.kbcard.com/CRD/DVIEW/HCAMCXPRICAC0076?mainCC=a&cooperationcode=09267,https://img1.kbcard.com/ST/img/cxc/kbcard/upload/img/product/09267_img.png,주유/충전
58,Easy auto 티타늄카드,주유·정비·생활·보험! Easy하게 적립을 타고 달리는 기분!,https://card.kbcard.com/CRD/DVIEW/HCAMCXPRICAC0076?mainCC=a&cooperationcode=09246,https://img1.kbcard.com/ST/img/cxc/kbcard/upload/img/product/09246_img.png,주유/충전
59,TMAP KB국민카드,"이용은 간편하게, 할인은 넉넉하게!",https://card.kbcard.com/CRD/DVIEW/HCAMCXPRICAC0076?mainCC=a&cooperationcode=09389,https://img1.kbcard.com/ST/img/cxc/kbcard/upload/img/product/09389_img.png,주유/충전
60,E1 LPG KB국민카드,E1 충전소 할인은 기본! 풍성한 혜택으로 생활에너지 충전!,https://card.kbcard.com/CRD/DVIEW/HCAMCXPRICAC0076?mainCC=a&cooperationcode=04459,https://img1.kbcard.com/ST/img/cxc/kbcard/upload/img/product/04459_img.png,주유/충전
61,SK에너지 러브유 KB국민카드,평소에는 주유비 할인 받고! 주말에는 캠핑 즐기고!,https://card.kbcard.com/CRD/DVIEW/HCAMCXPRICAC0076?mainCC=a&cooperationcode=02245,https://img1.kbcard.com/ST/img/cxc/kbcard/upload/img/product/02245_img.png,주유/충전
62,GS행복가득카드,하나의 카드로 자동차관련 서비스를 한 번에!,https://card.kbcard.com/CRD/DVIEW/HCAMCXPRICAC0076?mainCC=a&cooperationcode=04863,https://img1.kbcard.com/ST/img/cxc/kbcard/upload/img/product/04863_img.png,주유/충전
63,T-economy KB국민카드,SKT 통신요금을 알뜰하게 절약하는 방법!,https://card.kbcard.com/CRD/DVIEW/HCAMCXPRICAC0076?mainCC=a&cooperationcode=04288,https://img1.kbcard.com/ST/img/cxc/kbcard/upload/img/product/04288_img.png,통신
64,CLiP카드,KT 모든 통신요금을 KB국민카드로 알뜰하게!,https://card.kbcard.com/CRD/DVIEW/HCAMCXPRICAC0076?mainCC=a&cooperationcode=04489,https://img1.kbcard.com/ST/img/cxc/kbcard/upload/img/product/04489_img.png,통신
65,LGU＋ 심플라이트카드,KB국민카드로 통신료를 아끼자,https://card.kbcard.com/CRD/DVIEW/HCAMCXPRICAC0076?mainCC=a&cooperationcode=04482,https://img1.kbcard.com/ST/img/cxc/kbcard/upload/img/product/04482_img.png,통신
66,LG 헬로비전 카드,LG 헬로비전 요금 매월 할인 받는 방법!,https://card.kbcard.com/CRD/DVIEW/HCAMCXPRICAC0076?mainCC=a&cooperationcode=02170,https://img1.kbcard.com/ST/img/cxc/kbcard/upload/img/product/02170_img.png,통신
67,Liiv M Ⅱ 카드,매월 Liiv M 통신비를 절약하는 방법!,https://card.kbcard.com/CRD/DVIEW/HCAMCXPRICAC0076?mainCC=a&cooperationcode=04241,https://img1.kbcard.com/ST/img/cxc/kbcard/upload/img/product/04241_img.png,통신
68,kt M mobile카드,통신요금을 절약하는 방법!,https://card.kbcard.com/CRD/DVIEW/HCAMCXPRICAC0076?mainCC=a&cooperationcode=04483,https://img1.kbcard.com/ST/img/cxc/kbcard/upload/img/product/04483_img.png,통신
69,KMVNO 알뜰폰 카드,매월 알뜰폰 통신비를 절약하는 방법!,https://card.kbcard.com/CRD/DVIEW/HCAMCXPRICAC0076?mainCC=a&cooperationcode=04290,https://img1.kbcard.com/ST/img/cxc/kbcard/upload/img/product/04290_img.png,통신
70,U＋유모바일카드,통신요금을 절약하는 방법!,https://card.kbcard.com/CRD/DVIEW/HCAMCXPRICAC0076?mainCC=a&cooperationcode=04484,https://img1.kbcard.com/ST/img/cxc/kbcard/upload/img/product/04484_img.png,통신
71,알뜰폰 Hub Ⅱ 카드,알뜰폰 통신비를 더 알뜰하게 절약하는 방법!,https://card.kbcard.com/CRD/DVIEW/HCAMCXPRICAC0076?mainCC=a&cooperationcode=04324,https://img1.kbcard.com/ST/img/cxc/kbcard/upload/img/product/04324_img.png,통신
72,Easy ring 티타늄카드,"통신요금 할인은 기본, 다양한 혜택도 Easy!",https://card.kbcard.com/CRD/DVIEW/HCAMCXPRICAC0076?mainCC=a&cooperationcode=09253,https://img1.kbcard.com/ST/img/cxc/kbcard/upload/img/product/09253_img.png,통신
73,스마트 지킴이카드,우리 가족의 안전을 지켜주는 스마트한 카드 생활!,https://card.kbcard.com/CRD/DVIEW/HCAMCXPRICAC0076?mainCC=a&cooperationcode=09283,https://img1.kbcard.com/ST/img/cxc/kbcard/upload/img/product/09283_img.png,통신
74,알뜰폰Hub 카드,매월 알뜰폰 통신비를 절약하는 방법!,https://card.kbcard.com/CRD/DVIEW/HCAMCXPRICAC0076?mainCC=a&cooperationcode=04323,https://img1.kbcard.com/ST/img/cxc/kbcard/upload/img/product/04323_img.png,통신
75,SK 7mobile카드,통신요금을 절약하는 방법!,https://card.kbcard.com/CRD/DVIEW/HCAMCXPRICAC0076?mainCC=a&cooperationcode=04322,https://img1.kbcard.com/ST/img/cxc/kbcard/upload/img/product/04322_img.png,통신
76,딜라이브 카드,딜라이브 자동납부 요금 매월 할인 받는 방법!,https://card.kbcard.com/CRD/DVIEW/HCAMCXPRICAC0076?mainCC=a&cooperationcode=04345,https://img1.kbcard.com/ST/img/cxc/kbcard/upload/img/product/04345_img.png,통신
77,토스모바일 KB국민카드,통신요금 매월 할인 받는 방법!,https://card.kbcard.com/CRD/DVIEW/HCAMCXPRICAC0076?mainCC=a&cooperationcode=04351,https://img1.kbcard.com/ST/img/cxc/kbcard/upload/img/product/04351_img.png,통신
78,밀크T 카드,매월 학습비를 절약하는 방법!,https://card.kbcard.com/CRD/DVIEW/HCAMCXPRICAC0076?mainCC=a&cooperationcode=04320,https://img1.kbcard.com/ST/img/cxc/kbcard/upload/img/product/220608_04320_img.png,교육
79,웅진씽크빅 카드,웅진씽크빅 요금 매월 할인 받는 방법!,https://card.kbcard.com/CRD/DVIEW/HCAMCXPRICAC0076?mainCC=a&cooperationcode=02171,https://img1.kbcard.com/ST/img/cxc/kbcard/upload/img/product/02171_img.png,교육
80,비상온리원 카드,비상온리원 요금 매월 할인 받는 방법!,https://card.kbcard.com/CRD/DVIEW/HCAMCXPRICAC0076?mainCC=a&cooperationcode=02210,https://img1.kbcard.com/ST/img/cxc/kbcard/upload/img/product/02210_img.png,교육
81,에듀카드,교육비를 절약하는 현명한 선택!,https://card.kbcard.com/CRD/DVIEW/HCAMCXPRICAC0076?mainCC=a&cooperationcode=04432,https://img1.kbcard.com/ST/img/cxc/kbcard/upload/img/product/04432_img.png,교육
82,KB손해보험 마이펫카드,금쪽같은 우리 아이들을 위한,https://card.kbcard.com/CRD/DVIEW/HCAMCXPRICAC0076?mainCC=a&cooperationcode=09383,https://img1.kbcard.com/ST/img/cxc/kbcard/upload/img/product/09383_img.png,의료
83,골든라이프올림카드,더욱 든든해진 혜택으로 당신의 골든라이프를 응원합니다!,https://card.kbcard.com/CRD/DVIEW/HCAMCXPRICAC0076?mainCC=a&cooperationcode=04451,https://img1.kbcard.com/ST/img/cxc/kbcard/upload/img/product/04451_img.png,의료
84,반려愛카드(강아지),반려동물을 사랑하는 마음. KB국민 반려애카드가 함께합니다!,https://card.kbcard.com/CRD/DVIEW/HCAMCXPRICAC0076?mainCC=a&cooperationcode=04260,https://img1.kbcard.com/ST/img/cxc/kbcard/upload/img/product/04260_img.png,의료
85,KB국민 펫코노미 카드,반려동물을 사랑하는 현명한 방법!,https://card.kbcard.com/CRD/DVIEW/HCAMCXPRICAC0076?mainCC=a&cooperationcode=04404,https://img1.kbcard.com/ST/img/cxc/kbcard/upload/img/product/04404_img.png,의료
86,My WE:SH 카드,나'의 행복을 위한 필수 혜택 카드,https://card.kbcard.com/CRD/DVIEW/HCAMCXPRICAC0076?mainCC=a&cooperationcode=09123,https://img1.kbcard.com/ST/img/cxc/kbcard/upload/img/product/09123_img.png,음식
87,Our WE:SH 카드,함께 사는 '우리'를 위한 필수 카드,https://card.kbcard.com/CRD/DVIEW/HCAMCXPRICAC0076?mainCC=a&cooperationcode=09124,https://img1.kbcard.com/ST/img/cxc/kbcard/upload/img/product/09124_img.png,음식
88,랭킹닭컴 신용카드,랭킹은 알고 있다!!,https://card.kbcard.com/CRD/DVIEW/HCAMCXPRICAC0076?mainCC=a&cooperationcode=04289,https://img1.kbcard.com/ST/img/cxc/kbcard/upload/img/product/04289_img.png,음식
89,요기패스 신용카드(가로형),구독료 부담은 No! 요기패스 혜택은 Yes!,https://card.kbcard.com/CRD/DVIEW/HCAMCXPRICAC0076?mainCC=a&cooperationcode=04284,https://img1.kbcard.com/ST/img/cxc/kbcard/upload/img/product/04284_img.png,음식
90,굿데이올림카드,매일 매일 기분 좋은 할인 혜택으로 더 풍요로운 생활!,https://card.kbcard.com/CRD/DVIEW/HCAMCXPRICAC0076?mainCC=a&cooperationcode=09063,https://img1.kbcard.com/ST/img/cxc/kbcard/upload/img/product/09063_img.png,음식
91,SK매직 올림카드,"렌탈 요금, 스마트하게 할인 받고 영화·놀이공원 할인까지!",https://card.kbcard.com/CRD/DVIEW/HCAMCXPRICAC0076?mainCC=a&cooperationcode=04418,https://img1.kbcard.com/ST/img/cxc/kbcard/upload/img/product/04418_img.png,렌탈
92,교원 웰스 KB국민카드,웰스로 건강한 습관 ! KB국민카드로 알뜰한 습관 !,https://card.kbcard.com/CRD/DVIEW/HCAMCXPRICAC0076?mainCC=a&cooperationcode=04417,https://img1.kbcard.com/ST/img/cxc/kbcard/upload/img/product/04417_img.png,렌탈
93,청호나이스Ⅱ카드,렌탈 요금 매월 할인 받는 방법!,https://card.kbcard.com/CRD/DVIEW/HCAMCXPRICAC0076?mainCC=a&cooperationcode=04336,https://img1.kbcard.com/ST/img/cxc/kbcard/upload/img/product/04336_img.png,렌탈
94,청호나이스 KB국민카드,"렌탈 요금, 스마트하게 할인 받고 영화·놀이공원 할인까지!",https://card.kbcard.com/CRD/DVIEW/HCAMCXPRICAC0076?mainCC=a&cooperationcode=04416,https://img1.kbcard.com/ST/img/cxc/kbcard/upload/img/product/04416_img.png,렌탈
95,코웨이Ⅱ 카드,코웨이 더블 혜택! 렌탈료 할인과 적립을 동시에!,https://card.kbcard.com/CRD/DVIEW/HCAMCXPRICAC0076?mainCC=a&cooperationcode=04423,https://img1.kbcard.com/ST/img/cxc/kbcard/upload/img/product/04423_img.png,렌탈
96,넥센타이어 KB국민카드,"부담 없이 OK, 넥센타이어 렌탈 서비스!",https://card.kbcard.com/CRD/DVIEW/HCAMCXPRICAC0076?mainCC=a&cooperationcode=04426,https://img1.kbcard.com/ST/img/cxc/kbcard/upload/img/product/04426_img.png,렌탈
97,예다함 카드,품격있는 상조서비스를 KB로 만납니다.,https://card.kbcard.com/CRD/DVIEW/HCAMCXPRICAC0076?mainCC=a&cooperationcode=04485,https://img1.kbcard.com/ST/img/cxc/kbcard/upload/img/product/04485_img.png,렌탈
98,LG전자 KB국민카드,LG전자 베스트샵 가전제품 / 렌탈 요금 할인!,https://card.kbcard.com/CRD/DVIEW/HCAMCXPRICAC0076?mainCC=a&cooperationcode=04425,https://img1.kbcard.com/ST/img/cxc/kbcard/upload/img/product/04425_img.png,렌탈
99,웰릭스렌탈Ⅱ카드,렌탈요금 매월 할인 받는 방법!,https://card.kbcard.com/CRD/DVIEW/HCAMCXPRICAC0076?mainCC=a&cooperationcode=04326,https://img1.kbcard.com/ST/img/cxc/kbcard/upload/img/product/04326_img.png,렌탈
100,쿠쿠렌탈Ⅱ카드,렌탈 요금 매월 할인 받는 방법!,https://card.kbcard.com/CRD/DVIEW/HCAMCXPRICAC0076?mainCC=a&cooperationcode=04325,https://img1.kbcard.com/ST/img/cxc/kbcard/upload/img/product/04325_img.png,렌탈
101,세라젬 KB국민카드,렌탈 요금 매월 할인 받는 방법!,https://card.kbcard.com/CRD/DVIEW/HCAMCXPRICAC0076?mainCC=a&cooperationcode=04331,https://img1.kbcard.com/ST/img/cxc/kbcard/upload/img/product/04331_img.png,렌탈
102,현대큐밍 KB국민카드,렌탈 요금 매월 할인 받는 방법!,https://card.kbcard.com/CRD/DVIEW/HCAMCXPRICAC0076?mainCC=a&cooperationcode=04330,https://img1.kbcard.com/ST/img/cxc/kbcard/upload/img/product/04330_img.png,렌탈
103,WE:SH Daily 카드,데일리 스탬프 모으면 늘어나는 혜택,https://card.kbcard.com/CRD/DVIEW/HCAMCXPRICAC0076?mainCC=a&cooperationcode=09570,https://img1.kbcard.com/ST/img/cxc/kbcard/upload/img/product/09570_img.png,선택형
104,탄탄대로 Biz카드,일상에서 사업까지 탄탄한 혜택!,https://card.kbcard.com/CRD/DVIEW/HCAMCXPRICAC0076?mainCC=a&cooperationcode=09183,https://img1.kbcard.com/ST/img/cxc/kbcard/upload/img/product/09183_img.png,선택형
105,Easy all 티타늄카드,"Get all, Choose all. Easy all~!",https://card.kbcard.com/CRD/DVIEW/HCAMCXPRICAC0076?mainCC=a&cooperationcode=09256,https://img1.kbcard.com/ST/img/cxc/kbcard/upload/img/product/09256_img.png,선택형
106,Easy all카드,"Get all, Choose all. Easy all~!",https://card.kbcard.com/CRD/DVIEW/HCAMCXPRICAC0076?mainCC=a&cooperationcode=09255,https://img1.kbcard.com/ST/img/cxc/kbcard/upload/img/product/09255_img.png,선택형
107,Easy pick 티타늄카드,주요 생활 영역부터 내가 Pick한 영역까지 모두 적립 Easy!,https://card.kbcard.com/CRD/DVIEW/HCAMCXPRICAC0076?mainCC=a&cooperationcode=09251,https://img1.kbcard.com/ST/img/cxc/kbcard/upload/img/product/09251_img.png,선택형
108,Easy pick카드,주요 생활 영역부터 내가 Pick한 영역까지 모두 적립 Easy!,https://card.kbcard.com/CRD/DVIEW/HCAMCXPRICAC0076?mainCC=a&cooperationcode=09243,https://img1.kbcard.com/ST/img/cxc/kbcard/upload/img/product/09243_img.png,선택형
109,Easy link 티타늄카드,"자동납부 등록하면, 혜택이 더블 Easy!",https://card.kbcard.com/CRD/DVIEW/HCAMCXPRICAC0076?mainCC=a&cooperationcode=09252,https://img1.kbcard.com/ST/img/cxc/kbcard/upload/img/product/09252_img.png,선택형
110,다담카드(비 OTP),"KB국민 훈민정음 두번째 이야기, 모두의 이야기를 담은 카드",https://card.kbcard.com/CRD/DVIEW/HCAMCXPRICAC0076?mainCC=a&cooperationcode=09169,https://img1.kbcard.com/ST/img/cxc/kbcard/upload/img/product/09169_img.png,선택형
111,골든라이프올림카드,더욱 든든해진 혜택으로 당신의 골든라이프를 응원합니다!,https://card.kbcard.com/CRD/DVIEW/HCAMCXPRICAC0076?mainCC=a&cooperationcode=04451,https://img1.kbcard.com/ST/img/cxc/kbcard/upload/img/product/04451_img.png,선택형
112,국민행복카드,보육료 및 임신·출산 진료비 지원 등 국가바우처 지원 가능,https://card.kbcard.com/CRD/DVIEW/HCAMCXPRICAC0076?mainCC=a&cooperationcode=02065,https://img1.kbcard.com/ST/img/cxc/kbcard/upload/img/product/02065_img.png,공공/정부지원
113,스타트럭플러스 S-OIL카드,화물운전자를 위한 유가보조금 및 S-OIL 주유할인 지원카드,https://card.kbcard.com/CRD/DVIEW/HCAMCXPRICAC0076?mainCC=a&cooperationcode=04088,https://img1.kbcard.com/ST/img/cxc/kbcard/upload/img/product/04088_img.png,공공/정부지원
114,STARTLUCK 카드,운송사업자들을 위한 든든한 지원 혜택의 힘,https://card.kbcard.com/CRD/DVIEW/HCAMCXPRICAC0076?mainCC=a&cooperationcode=02076,https://img1.kbcard.com/ST/img/cxc/kbcard/upload/img/product/02076_img.png,공공/정부지원
115,국방멤버쉽카드,직업 군인과 군무원 분들에게 꼭 필요한 세심한 혜택! KB국민 국방멤버쉽카드,https://card.kbcard.com/CRD/DVIEW/HCAMCXPRICAC0076?mainCC=a&cooperationcode=00996,https://img1.kbcard.com/ST/img/cxc/kbcard/upload/img/product/00996_img.png,공공/정부지원
116,스타트럭 플러스 HD현대오일뱅크카드,화물운전자를 위한 유가보조금 및 HD현대오일뱅크 주유할인 지원카드,https://card.kbcard.com/CRD/DVIEW/HCAMCXPRICAC0076?mainCC=a&cooperationcode=04092,https://img1.kbcard.com/ST/img/cxc/kbcard/upload/img/product/04092_img.png,공공/정부지원
117,KB국민 군인연금증 신용카드(사진),대한민국 군과 함께 풍요로운 노후,https://card.kbcard.com/CRD/DVIEW/HCAMCXPRICAC0076?mainCC=a&cooperationcode=04130,https://img1.kbcard.com/ST/img/cxc/kbcard/upload/img/product/04130_img.png,공공/정부지원
118,스타트럭Ⅱ GS칼텍스카드,주유만해도 리터당 최대 80원 할인!,https://card.kbcard.com/CRD/DVIEW/HCAMCXPRICAC0076?mainCC=a&cooperationcode=04095,https://img1.kbcard.com/ST/img/cxc/kbcard/upload/img/product/04095_img.png,공공/정부지원
119,SK내트럭 유가보조금카드,화물운전자를 위한 유가보조금 및 SK주유할인 지원카드,https://card.kbcard.com/CRD/DVIEW/HCAMCXPRICAC0076?mainCC=a&cooperationcode=04550,https://img1.kbcard.com/ST/img/cxc/kbcard/upload/img/product/04550_img.png,공공/정부지원
120,보탬e전용카드,지방보조금 결제에 보탬이 되는,https://card.kbcard.com/CRD/DVIEW/HCAMCXPRICAC0076?mainCC=a&cooperationcode=09084,https://img1.kbcard.com/ST/img/cxc/kbcard/upload/img/product/09084_img.png,공공/정부지원
